
Customer:
INSERT INTO `customer` VALUES (1,'Ursula','Jones','ursula.jones1@example.com','1 Jones St, Jonesville, ST 10001','2744292872','regular'),(2,'Bob','White','bob.white2@example.com','2 White St, Whiteville, ST 10002','9428056398','silver'),(3,'Walter','Hall','walter.hall3@example.com','3 Hall St, Hallville, ST 10003','9988246188','gold'),(4,'Fiona','Adams','fiona.adams4@example.com','4 Adams St, Adamsville, ST 10004','9089247166','platinum'),(5,'Ivan','Nguyen','ivan.nguyen5@example.com','5 Nguyen St, Nguyenville, ST 10005','6778602890','regular'),(6,'Beth','Rivera','beth.rivera6@example.com','6 Rivera St, Riveraville, ST 10006','2510677362','silver'),(7,'Quincy','Roberts','quincy.roberts7@example.com','7 Roberts St, Robertsville, ST 10007','6397667350','gold'),(8,'Heidi','Nelson','heidi.nelson8@example.com','8 Nelson St, Nelsonville, ST 10008','9251773786','platinum'),(9,'Oscar','Green','oscar.green9@example.com','9 Green St, Greenville, ST 10009','7810375197','regular'),(10,'Eugene','Harris','eugene.harris10@example.com','10 Harris St, Harrisville, ST 10010','1921458975','silver'),(11,'Judy','Johnson','judy.johnson11@example.com','11 Johnson St, Johnsonville, ST 10011','8595129286','gold'),(12,'Aaron','Mitchell','aaron.mitchell12@example.com','12 Mitchell St, Mitchellville, ST 10012','3838566855','platinum'),(13,'Hannah','Thomas','hannah.thomas13@example.com','13 Thomas St, Thomasville, ST 10013','5927963994','regular'),(14,'Xena','Davis','xena.davis14@example.com','14 Davis St, Davisville, ST 10014','6493697805','silver'),(15,'Umar','Nelson','umar.nelson15@example.com','15 Nelson St, Nelsonville, ST 10015','1149194059','gold'),(16,'Janice','Adams','janice.adams16@example.com','16 Adams St, Adamsville, ST 10016','8535181385','platinum'),(17,'Eugene','Robinson','eugene.robinson17@example.com','17 Robinson St, Robinsonville, ST 10017','4322514611','regular'),(18,'Carol','Davis','carol.davis18@example.com','18 Davis St, Davisville, ST 10018','5173327434','silver'),(19,'Hannah','Lewis','hannah.lewis19@example.com','19 Lewis St, Lewisville, ST 10019','3716791736','gold'),(20,'Olivia','Brown','olivia.brown20@example.com','20 Brown St, Brownville, ST 10020','1048504223','platinum'),(21,'Carol','Young','carol.young21@example.com','21 Young St, Youngville, ST 10021','5431931332','regular'),(22,'Wendy','Roberts','wendy.roberts22@example.com','22 Roberts St, Robertsville, ST 10022','9976335735','silver'),(23,'Chris','Scott','chris.scott23@example.com','23 Scott St, Scottville, ST 10023','9911649735','gold'),(24,'Quincy','Green','quincy.green24@example.com','24 Green St, Greenville, ST 10024','2577521364','platinum'),(25,'Karl','Moore','karl.moore25@example.com','25 Moore St, Mooreville, ST 10025','4227108164','regular'),(26,'Grace','Torres','grace.torres26@example.com','26 Torres St, Torresville, ST 10026','5099392258','silver'),(27,'Umar','Williams','umar.williams27@example.com','27 Williams St, Williamsville, ST 10027','2255877768','gold'),(28,'Fiona','Nelson','fiona.nelson28@example.com','28 Nelson St, Nelsonville, ST 10028','7174256049','platinum'),(29,'Rachel','Campbell','rachel.campbell29@example.com','29 Campbell St, Campbellville, ST 10029','1834815032','regular'),(30,'Carol','Smith','carol.smith30@example.com','30 Smith St, Smithville, ST 10030','7442814448','silver'),(31,'Lily','Rivera','lily.rivera31@example.com','31 Rivera St, Riveraville, ST 10031','2969124798','gold'),(32,'Olivia','Brown','olivia.brown32@example.com','32 Brown St, Brownville, ST 10032','9199102315','platinum'),(33,'Carol','Lee','carol.lee33@example.com','33 Lee St, Leeville, ST 10033','9331534576','regular'),(34,'Kevin','Taylor','kevin.taylor34@example.com','34 Taylor St, Taylorville, ST 10034','6034179408','silver'),(35,'Zach','Mitchell','zach.mitchell35@example.com','35 Mitchell St, Mitchellville, ST 10035','5928313490','gold'),(36,'Vanessa','Hill','vanessa.hill36@example.com','36 Hill St, Hillville, ST 10036','8578008982','platinum'),(37,'Rupert','Thomas','rupert.thomas37@example.com','37 Thomas St, Thomasville, ST 10037','2583554751','regular'),(38,'Nina','Martin','nina.martin38@example.com','38 Martin St, Martinville, ST 10038','4566252823','silver'),(39,'Vanessa','Wilson','vanessa.wilson39@example.com','39 Wilson St, Wilsonville, ST 10039','2606995760','gold'),(40,'Wendy','Rivera','wendy.rivera40@example.com','40 Rivera St, Riveraville, ST 10040','9419189311','platinum'),(41,'Rupert','Hill','rupert.hill41@example.com','41 Hill St, Hillville, ST 10041','4339106762','regular'),(42,'Frank','Adams','frank.adams42@example.com','42 Adams St, Adamsville, ST 10042','2965562125','silver'),(43,'Oscar','Ramirez','oscar.ramirez43@example.com','43 Ramirez St, Ramirezville, ST 10043','8023445708','gold'),(44,'Tina','Sanchez','tina.sanchez44@example.com','44 Sanchez St, Sanchezville, ST 10044','7829641394','platinum'),(45,'Paula','Wilson','paula.wilson45@example.com','45 Wilson St, Wilsonville, ST 10045','1459946822','regular'),(46,'Umar','Wright','umar.wright46@example.com','46 Wright St, Wrightville, ST 10046','1750739974','silver'),(47,'Mallory','White','mallory.white47@example.com','47 White St, Whiteville, ST 10047','7693023457','gold'),(48,'Grace','White','grace.white48@example.com','48 White St, Whiteville, ST 10048','1258909513','platinum'),(49,'Janice','Nguyen','janice.nguyen49@example.com','49 Nguyen St, Nguyenville, ST 10049','6760158992','regular'),(50,'Dev','Trivedi','trivedidev88@gmail.com','50 Low St, Newark, NJ 07014','8806417824','platinum');




CREDIT-CARD:
INSERT INTO `credit_card` VALUES ('4023747412287273','6149','Vanessa Wilson','AmEx','39 Baker Ave, Town, ST 10039','2027-06-01',39),('4023747412287890','6149','Vanessa Wilson','Discover','39 Baker Ave, Town, ST 10039','2028-06-04',39),('4026601554051370','4598','Janice Adams','Visa','16 White Ave, Town, ST 10016','2026-07-08',16),('4036108124663388','8555','Aaron Mitchell','Visa','12 Ramirez Ave, Town, ST 10012','2026-05-12',12),('4036708151920350','3926','Tina Sanchez','Discover','44 Johnson Ave, Town, ST 10044','2028-01-12',44),('4071178883506931','430','Ursula Jones','MasterCard','1 Miller Ave, Town, ST 10001','2026-06-09',1),('4078399358177783','643','Umar Nelson','MasterCard','15 Wright Ave, Town, ST 10015','2029-12-08',15),('4108578559850842','3900','Chris Scott','Visa','23 Smith Ave, Town, ST 10023','2029-05-06',23),('4121600567557142','8717','Grace White','Discover','48 Hernandez Ave, Town, ST 10048','2029-05-22',48),('4137442700814404','8081','Janice Nguyen','MasterCard','49 Smith Ave, Town, ST 10049','2026-07-02',49),('4168131315464620','1988','Fiona Adams','Visa','4 Carter Ave, Town, ST 10004','2027-11-10',4),('4257612999108634','5692','Beth Rivera','MasterCard','6 Lewis Ave, Town, ST 10006','2028-01-19',6),('4264727105825835','1493','Fiona Nelson','Visa','28 Thomas Ave, Town, ST 10028','2028-12-17',28),('4315170401116391','3533','Paula Wilson','Discover','45 Flores Ave, Town, ST 10045','2028-04-28',45),('4323257491751039','2133','Umar Wright','MasterCard','46 Carter Ave, Town, ST 10046','2026-09-04',46),('4339259152009981','2092','Walter Hall','Visa','3 Taylor Ave, Town, ST 10003','2029-12-04',3),('4346185964369979','762','Mallory White','MasterCard','47 Lee Ave, Town, ST 10047','2030-04-29',47),('4356357916275019','2942','Carol Lee','AmEx','33 Davis Ave, Town, ST 10033','2029-10-27',33),('4392712680573645','544','Frank Adams','MasterCard','42 Martin Ave, Town, ST 10042','2029-07-29',42),('4399857304625224','6245','Eugene Harris','AmEx','10 Mitchell Ave, Town, ST 10010','2029-08-13',10),('4418135731604635','5866','Bob White','Visa','2 Jones Ave, Town, ST 10002','2030-03-12',2),('4488271278250307','9880','Ivan Nguyen','Visa','5 Martinez Ave, Town, ST 10005','2029-10-11',5),('4496154819552336','6229','Grace Torres','Visa','26 Roberts Ave, Town, ST 10026','2029-10-04',26),('4520071187609531','8905','Karl Moore','Discover','25 Taylor Ave, Town, ST 10025','2026-11-19',25),('4527964238600550','9727','Kevin Taylor','Discover','34 Rivera Ave, Town, ST 10034','2027-09-21',34),('4544833386920850','511','Rachel Campbell','MasterCard','29 Gonzalez Ave, Town, ST 10029','2026-06-23',29),('4563687494550524','9265','Umar Williams','Discover','27 Wilson Ave, Town, ST 10027','2028-02-04',27),('4568742451054157','1814','Hannah Lewis','Visa','19 Roberts Ave, Town, ST 10019','2028-06-25',19),('4575725136209474','2474','Quincy Green','MasterCard','24 King Ave, Town, ST 10024','2028-08-27',24),('4575914461071283','6949','Heidi Nelson','Discover','8 Jones Ave, Town, ST 10008','2026-10-14',8),('4577593310400746','596','Carol Davis','MasterCard','18 Wilson Ave, Town, ST 10018','2027-01-20',18),('4586824742132521','3476','Wendy Rivera','MasterCard','40 Robinson Ave, Town, ST 10040','2028-01-03',40),('4591970130715414','8617','Carol Young','Visa','21 Lee Ave, Town, ST 10021','2026-05-07',21),('4677641512474262','9332','Olivia Brown','MasterCard','20 Robinson Ave, Town, ST 10020','2026-09-05',20),('4682051738436196','4169','Rupert Hill','AmEx','41 Mitchell Ave, Town, ST 10041','2027-12-26',41),('4691812108746410','2025','Oscar Green','MasterCard','9 Jones Ave, Town, ST 10009','2027-12-23',9),('4713381358765469','3899','Carol Smith','Visa','30 Ramirez Ave, Town, ST 10030','2027-02-10',30),('4737920284979378','7831','Quincy Roberts','Visa','7 Young Ave, Town, ST 10007','2028-07-21',7),('4768665250114254','2326','Vanessa Hill','AmEx','36 Williams Ave, Town, ST 10036','2027-12-31',36),('4772382591730805','5492','Zach Mitchell','MasterCard','35 Scott Ave, Town, ST 10035','2029-11-01',35),('4782657183562302','3759','Judy Johnson','AmEx','11 Rivera Ave, Town, ST 10011','2028-12-07',11),('4843610112472884','620','Rupert Thomas','AmEx','37 Clark Ave, Town, ST 10037','2027-05-03',37),('4849297317423308','1863','Nina Martin','MasterCard','38 Flores Ave, Town, ST 10038','2029-05-08',38),('4868956466855027','8256','Lily Rivera','MasterCard','31 Smith Ave, Town, ST 10031','2027-01-30',31),('4874993957482632','7553','Oscar Ramirez','AmEx','43 Williams Ave, Town, ST 10043','2028-12-17',43),('4903450239484756','9432','Dev Trivedi','AmEx','39 Baker Ave, Town, ST 10039','2029-06-07',50),('4907849418497110','8087','Xena Davis','Visa','14 Hall Ave, Town, ST 10014','2029-06-28',14),('4927438955429287','5592','Olivia Brown','Discover','32 Williams Ave, Town, ST 10032','2028-05-23',32),('4956869063634170','6204','Wendy Roberts','Discover','22 Baker Ave, Town, ST 10022','2029-08-18',22),('4978435429958463','247','Eugene Robinson','Visa','17 Lewis Ave, Town, ST 10017','2028-01-10',17),('4995217711163991','8266','Hannah Thomas','Discover','13 Robinson Ave, Town, ST 10013','2026-07-21',13);






Basket:

INSERT INTO `basket` VALUES (5001,1),(5052,1),(5002,2),(5003,3),(5004,4),(5005,5),(5006,6),(5007,7),(5008,8),(5009,9),(5010,10),(5051,10),(5011,11),(5012,12),(5013,13),(5014,14),(5015,15),(5016,16),(5017,17),(5018,18),(5019,19),(5020,20),(5021,21),(5022,22),(5023,23),(5024,24),(5025,25),(5026,26),(5027,27),(5028,28),(5029,29),(5030,30),(5031,31),(5032,32),(5033,33),(5034,34),(5035,35),(5036,36),(5037,37),(5038,38),(5039,39),(5040,40),(5041,41),(5042,42),(5043,43),(5044,44),(5045,45),(5046,46),(5047,47),(5048,48),(5049,49),(5050,50);


Transaction:
INSERT INTO `transaction` VALUES (5001,1,'Home','4071178883506931','2024-11-09 19:42:18','not-delivered',5050.00),(5002,2,'Home','4418135731604635','2024-09-18 19:42:18','not-delivered',6200.00),(5003,3,'Home','4339259152009981','2024-07-22 19:42:18','delivered',11250.00),(5004,4,'Home','4168131315464620','2025-04-09 19:42:18','delivered',6750.00),(5005,5,'Home_5','4488271278250307','2024-07-16 19:42:18','delivered',7040.00),(5006,6,'Home','4257612999108634','2025-01-21 19:42:18','not-delivered',9700.00),(5007,7,'Home','4737920284979378','2024-07-13 19:42:18','not-delivered',2880.00),(5008,8,'Home','4575914461071283','2024-12-24 19:42:18','delivered',7150.00),(5009,9,'Home','4691812108746410','2025-03-15 19:42:18','not-delivered',6300.00),(5010,10,'Home','4399857304625224','2024-05-26 19:42:18','not-delivered',8700.00),(5011,11,'Home','4782657183562302','2024-12-26 19:42:18','delivered',9000.00),(5012,12,'Home','4036108124663388','2024-05-14 19:42:18','not-delivered',7710.00),(5013,13,'Home','4995217711163991','2024-09-11 19:42:18','not-delivered',5100.00),(5014,14,'Home','4907849418497110','2024-05-12 19:42:18','delivered',5960.00),(5015,15,'Home','4078399358177783','2025-05-03 19:42:18','delivered',6900.00),(5016,16,'Home','4026601554051370','2025-04-10 19:42:18','not-delivered',7050.00),(5017,17,'Home','4978435429958463','2024-07-03 19:42:18','delivered',6600.00),(5018,18,'Home','4577593310400746','2025-02-18 19:42:18','delivered',14800.00),(5019,19,'Home','4568742451054157','2025-04-10 19:42:18','not-delivered',4770.00),(5020,20,'Home','4677641512474262','2025-02-25 19:42:18','not-delivered',4150.00),(5021,21,'Home','4591970130715414','2025-03-14 19:42:18','not-delivered',6540.00),(5022,22,'Home','4956869063634170','2024-07-04 19:42:18','not-delivered',6250.00),(5023,23,'Home','4108578559850842','2024-09-17 19:42:18','delivered',11550.00),(5024,24,'Home','4575725136209474','2025-02-07 19:42:18','delivered',11550.00),(5025,25,'Home','4520071187609531','2024-09-07 19:42:18','delivered',7600.00),(5026,26,'Home','4496154819552336','2024-10-27 19:42:18','not-delivered',4640.00),(5027,27,'Home','4563687494550524','2024-09-23 19:42:18','delivered',11850.00),(5028,28,'Home','4264727105825835','2024-06-07 19:42:18','delivered',6030.00),(5029,29,'Home','4544833386920850','2025-02-12 19:42:18','not-delivered',5700.00),(5030,30,'Home','4713381358765469','2025-02-21 19:42:18','delivered',8700.00),(5031,31,'Home','4868956466855027','2025-04-10 19:42:18','not-delivered',7650.00),(5032,32,'Home','4927438955429287','2024-10-25 19:42:18','not-delivered',9750.00),(5033,33,'Home','4356357916275019','2024-07-24 19:42:18','not-delivered',7960.00),(5034,34,'Home','4527964238600550','2024-08-23 19:42:18','delivered',5500.00),(5035,35,'Home','4772382591730805','2024-05-25 19:42:18','not-delivered',5460.00),(5036,36,'Home','4768665250114254','2024-07-10 19:42:18','not-delivered',6150.00),(5037,37,'Home','4843610112472884','2024-12-03 19:42:18','delivered',5300.00),(5038,38,'Home','4849297317423308','2025-01-20 19:42:18','delivered',7400.00),(5039,39,'Home','4023747412287273','2024-08-26 19:42:18','not-delivered',14250.00),(5040,40,'Home','4586824742132521','2024-12-17 19:42:18','not-delivered',9870.00),(5041,41,'Home','4682051738436196','2025-02-17 19:42:18','delivered',7400.00),(5042,42,'Home','4392712680573645','2025-02-24 19:42:18','not-delivered',6140.00),(5043,43,'Home','4874993957482632','2024-06-29 19:42:18','delivered',3800.00),(5044,44,'Home','4036708151920350','2025-04-09 19:42:18','not-delivered',7650.00),(5045,45,'Home','4315170401116391','2024-09-15 19:42:18','delivered',12100.00),(5046,46,'Home','4323257491751039','2024-08-17 19:42:18','delivered',8000.00),(5047,47,'Home','4346185964369979','2025-02-04 19:42:18','delivered',3390.00),(5048,48,'Home','4121600567557142','2025-01-20 19:42:18','delivered',13050.00),(5049,49,'Home','4137442700814404','2025-04-17 19:42:18','delivered',5780.00),(5050,50,'Home','4903450239484756','2025-05-07 11:58:15','delivered',16120.00);


Shipping Address:
INSERT INTO `shipping_address` VALUES (1,'Home_1','Jones St','1','Jonesville','10001','ST','USA','Ursula Jones'),(1,'Home_1_1','Hoover St','1','Trenton','07123','NJ','USA','Ursula Jones'),(2,'Home_2','White St','2','Whiteville','10002','ST','USA','Bob White'),(3,'Home_3','Hall St','3','Hallville','10003','ST','USA','Walter Hall'),(4,'Home_4','Adams St','4','Adamsville','10004','ST','USA','Fiona Adams'),(5,'Home_5','Oak','245','Wrightville','75196','ST','USA','Rachel Hill'),(6,'Home_6','Rivera St','6','Riveraville','10006','ST','USA','Beth Rivera'),(7,'Home_7','Roberts St','7','Robertsville','10007','ST','USA','Quincy Roberts'),(8,'Home_8','Nelson St','8','Nelsonville','10008','ST','USA','Heidi Nelson'),(9,'Home_9','Green St','9','Greenville','10009','ST','USA','Oscar Green'),(10,'Home_10','Harris St','10','Harrisville','10010','ST','USA','Eugene Harris'),(11,'Home_11','Johnson St','11','Johnsonville','10011','ST','USA','Judy Johnson'),(12,'Home_12','Mitchell St','12','Mitchellville','10012','ST','USA','Aaron Mitchell'),(13,'Home_13','Thomas St','13','Thomasville','10013','ST','USA','Hannah Thomas'),(14,'Home_14','Davis St','14','Davisville','10014','ST','USA','Xena Davis'),(15,'Home_15','Nelson St','15','Nelsonville','10015','ST','USA','Umar Nelson'),(16,'Home_16','Adams St','16','Adamsville','10016','ST','USA','Janice Adams'),(17,'Home_17','Robinson St','17','Robinsonville','10017','ST','USA','Eugene Robinson'),(18,'Home_18','Davis St','18','Davisville','10018','ST','USA','Carol Davis'),(19,'Home_19','Lewis St','19','Lewisville','10019','ST','USA','Hannah Lewis'),(20,'Home_20','Brown St','20','Brownville','10020','ST','USA','Olivia Brown'),(21,'Home_21','Young St','21','Youngville','10021','ST','USA','Carol Young'),(22,'Home_22','Roberts St','22','Robertsville','10022','ST','USA','Wendy Roberts'),(23,'Home_23','Scott St','23','Scottville','10023','ST','USA','Chris Scott'),(24,'Home_24','Green St','24','Greenville','10024','ST','USA','Quincy Green'),(25,'Home_25','Moore St','25','Mooreville','10025','ST','USA','Karl Moore'),(26,'Home_26','Torres St','26','Torresville','10026','ST','USA','Grace Torres'),(27,'Home_27','Williams St','27','Williamsville','10027','ST','USA','Umar Williams'),(28,'Home_28','Nelson St','28','Nelsonville','10028','ST','USA','Fiona Nelson'),(29,'Home_29','Campbell St','29','Campbellville','10029','ST','USA','Rachel Campbell'),(30,'Home_30','Smith St','30','Smithville','10030','ST','USA','Carol Smith'),(31,'Home_31','Rivera St','31','Riveraville','10031','ST','USA','Lily Rivera'),(32,'Home_32','Brown St','32','Brownville','10032','ST','USA','Olivia Brown'),(33,'Home_33','Lee St','33','Leeville','10033','ST','USA','Carol Lee'),(34,'Home_34','Taylor St','34','Taylorville','10034','ST','USA','Kevin Taylor'),(35,'Home_35','Mitchell St','35','Mitchellville','10035','ST','USA','Zach Mitchell'),(36,'Home_36','Hill St','36','Hillville','10036','ST','USA','Vanessa Hill'),(37,'Home_37','Thomas St','37','Thomasville','10037','ST','USA','Rupert Thomas'),(38,'Home_38','Martin St','38','Martinville','10038','ST','USA','Nina Martin'),(39,'Home_39','Wilson St','39','Wilsonville','10039','ST','USA','Vanessa Wilson'),(40,'Home_40','Rivera St','40','Riveraville','10040','ST','USA','Wendy Rivera'),(41,'Home_41','Hill St','41','Hillville','10041','ST','USA','Rupert Hill'),(42,'Home_42','Adams St','42','Adamsville','10042','ST','USA','Frank Adams'),(43,'Home_43','Ramirez St','43','Ramirezville','10043','ST','USA','Oscar Ramirez'),(44,'Home_44','Sanchez St','44','Sanchezville','10044','ST','USA','Tina Sanchez'),(45,'Home_45','Wilson St','45','Wilsonville','10045','ST','USA','Paula Wilson'),(46,'Home_46','Wright St','46','Wrightville','10046','ST','USA','Umar Wright'),(47,'Home_47','White St','47','Whiteville','10047','ST','USA','Mallory White'),(48,'Home_48','White St','48','Whiteville','10048','ST','USA','Grace White'),(49,'Home_49','Nguyen St','49','Nguyenville','10049','ST','USA','Janice Nguyen'),(50,'Home','Low St','50','Newark','07014','NJ','USA','Dev Trivedi');


Appears-in:
INSERT INTO `appears_in` VALUES (5001,1,1,800.00),(5001,2,3,1200.00),(5001,5,1,650.00),(5001,8,6,2400.00),(5002,1,4,800.00),(5002,2,1,1200.00),(5002,6,2,900.00),(5003,1,1,750.00),(5003,2,5,1200.00),(5003,7,3,1500.00),(5004,1,1,750.00),(5004,2,3,1200.00),(5004,8,1,2400.00),(5005,1,4,800.00),(5005,2,3,1200.00),(5005,9,2,120.00),(5006,1,2,800.00),(5006,2,4,1200.00),(5006,10,3,1100.00),(5007,1,2,750.00),(5007,2,1,1200.00),(5007,11,1,180.00),(5008,1,3,750.00),(5008,2,3,1200.00),(5008,5,2,650.00),(5009,1,3,800.00),(5009,2,1,1200.00),(5009,6,3,900.00),(5010,1,3,800.00),(5010,2,4,1200.00),(5010,7,1,1500.00),(5011,1,4,750.00),(5011,2,1,1200.00),(5011,8,2,2400.00),(5012,1,5,750.00),(5012,2,3,1200.00),(5012,9,3,120.00),(5013,1,2,800.00),(5013,2,2,1200.00),(5013,10,1,1100.00),(5014,1,4,800.00),(5014,2,2,1200.00),(5014,11,2,180.00),(5015,1,5,750.00),(5015,2,1,1200.00),(5015,5,3,650.00),(5016,1,5,750.00),(5016,2,2,1200.00),(5016,6,1,900.00),(5017,1,3,800.00),(5017,2,1,1200.00),(5017,7,2,1500.00),(5018,1,2,800.00),(5018,2,5,1200.00),(5018,8,3,2400.00),(5019,1,3,750.00),(5019,2,2,1200.00),(5019,9,1,120.00),(5020,1,1,750.00),(5020,2,1,1200.00),(5020,10,2,1100.00),(5021,1,3,800.00),(5021,2,3,1200.00),(5021,11,3,180.00),(5022,1,4,800.00),(5022,2,2,1200.00),(5022,5,1,650.00),(5023,1,5,750.00),(5023,2,5,1200.00),(5023,6,2,900.00),(5024,1,3,750.00),(5024,2,4,1200.00),(5024,7,3,1500.00),(5025,1,5,800.00),(5025,2,1,1200.00),(5025,8,1,2400.00),(5026,1,4,800.00),(5026,2,1,1200.00),(5026,9,2,120.00),(5027,1,5,750.00),(5027,2,4,1200.00),(5027,10,3,1100.00),(5028,1,3,750.00),(5028,2,3,1200.00),(5028,11,1,180.00),(5029,1,4,800.00),(5029,2,1,1200.00),(5029,5,2,650.00),(5030,1,3,800.00),(5030,2,3,1200.00),(5030,6,3,900.00),(5031,1,5,750.00),(5031,2,2,1200.00),(5031,7,1,1500.00),(5032,1,5,750.00),(5032,2,1,1200.00),(5032,8,2,2400.00),(5033,1,5,800.00),(5033,2,3,1200.00),(5033,9,3,120.00),(5034,1,4,800.00),(5034,2,1,1200.00),(5034,10,1,1100.00),(5035,1,2,750.00),(5035,2,3,1200.00),(5035,11,2,180.00),(5036,1,4,750.00),(5036,2,1,1200.00),(5036,5,3,650.00),(5037,1,1,800.00),(5037,2,3,1200.00),(5037,6,1,900.00),(5038,1,4,800.00),(5038,2,1,1200.00),(5038,7,2,1500.00),(5039,1,3,750.00),(5039,2,4,1200.00),(5039,8,3,2400.00),(5040,1,5,750.00),(5040,2,5,1200.00),(5040,9,1,120.00),(5041,1,5,800.00),(5041,2,1,1200.00),(5041,10,2,1100.00),(5042,1,1,800.00),(5042,2,4,1200.00),(5042,11,3,180.00),(5043,1,1,750.00),(5043,2,2,1200.00),(5043,5,1,650.00),(5044,1,3,750.00),(5044,2,3,1200.00),(5044,6,2,900.00),(5045,1,2,800.00),(5045,2,5,1200.00),(5045,7,3,1500.00),(5046,1,1,800.00),(5046,2,4,1200.00),(5046,8,1,2400.00),(5047,1,1,750.00),(5047,2,2,1200.00),(5047,9,2,120.00),(5048,1,5,750.00),(5048,2,5,1200.00),(5048,10,3,1100.00),(5049,1,1,800.00),(5049,2,4,1200.00),(5049,11,1,180.00),(5050,3,1,200.00),(5050,4,1,20.00),(5050,7,1,1500.00),(5050,8,6,2400.00),(5051,1,6,800.00),(5051,9,5,120.00),(5052,4,6,20.00),(5052,6,1,900.00);
Product:
INSERT INTO `product` VALUES (1,'Dell Desktop',800.00,'Dell desktop with Core','desktop',94),(2,'HP Laptop',1200.00,'HP laptop 16GB RAM','laptop',80),(3,'Canon Printer',200.00,'Canon inkjet printer','printer',49),(4,'USB Mouse',20.00,'USB optical mouse','accessory',233),(5,'Lenovo ThinkCentre M70q',650.00,'Lenovo small form-factor desktop','desktop',25),(6,'HP EliteDesk 800 G6',900.00,'HP high-performance business desktop','desktop',4),(7,'Dell XPS 13',1500.00,'Dell premium ultrabook, 13″ FHD','laptop',19),(8,'Apple MacBook Pro 16',2400.00,'Apple M1 Pro, 16″ Retina','laptop',4),(9,'Epson WorkForce WF-2830',120.00,'Epson all-in-one inkjet printer','printer',25),(10,'Asus ZenBook 14',1100.00,'ASUS ultraportable laptop, NanoEdge','laptop',18),(11,'Brother HL-L2350DW',180.00,'Brother compact mono laser printer','printer',22);

Computer:
INSERT INTO `computer` VALUES (1,'Intel i5'),(5,'Intel Core i5'),(6,'Intel Core i7');

Laptop:
INSERT INTO `laptop` VALUES (2,'Li-Ion',2.50),(7,'Li-Ion',1.20),(8,'Li-Polymer',2.10),(10,'Li-Ion',1.17);

Printer:
INSERT INTO `printer` VALUES (3,'Inkjet','1200x600'),(9,'Inkjet','4800x1200dpi'),(11,'Laser','600x600dpi');

Offer_product:
INSERT INTO `offer_product` VALUES (1,750.00),(4,18.00);

Silver and Above:
INSERT INTO `silver_and_above` VALUES (2,2275.00),(3,3888.00),(4,2582.00),(6,4993.00),(7,1517.00),(8,4550.00),(10,4540.00),(11,4727.00),(12,2643.00),(14,4351.00),(15,3674.00),(16,4531.00),(18,4194.00),(19,4631.00),(20,2760.00),(22,1936.00),(23,1050.00),(24,2087.00),(26,4442.00),(27,1422.00),(28,4671.00),(30,1680.00),(31,1697.00),(32,4226.00),(34,1204.00),(35,3419.00),(36,1135.00),(38,4309.00),(39,1163.00),(40,1080.00),(42,2660.00),(43,2773.00),(44,2151.00),(46,1935.00),(47,1771.00),(48,3667.00);
